{
    "groups": [
        [
            {
                "index": 4
            },
            {
                "index": 17
            },
            {
                "index": 18
            },
            {
                "index": 22
            },
            {
                "index": 28
            },
            {
                "index": 32
            },
            {
                "index": 33
            },
            {
                "index": 34
            },
            {
                "index": 35
            },
            {
                "index": 42
            },
            {
                "index": 43
            },
            {
                "index": 45
            },
            {
                "index": 47
            },
            {
                "index": 48
            },
            {
                "index": 52
            },
            {
                "index": 53
            },
            {
                "index": 58
            },
            {
                "index": 60
            },
            {
                "index": 61
            },
            {
                "index": 68
            },
            {
                "index": 75
            },
            {
                "index": 78
            },
            {
                "index": 82
            },
            {
                "index": 84
            },
            {
                "index": 89
            },
            {
                "index": 95
            },
            {
                "index": 96
            },
            {
                "index": 98
            },
            {
                "index": 104
            },
            {
                "index": 107
            },
            {
                "index": 114
            },
            {
                "index": 117
            },
            {
                "index": 120
            }
        ],
        [
            {
                "index": 2
            },
            {
                "index": 3
            },
            {
                "index": 5
            },
            {
                "index": 6
            },
            {
                "index": 8
            },
            {
                "index": 9
            },
            {
                "index": 10
            },
            {
                "index": 14
            },
            {
                "index": 15
            },
            {
                "index": 19
            },
            {
                "index": 20
            },
            {
                "index": 21
            },
            {
                "index": 24
            },
            {
                "index": 25
            },
            {
                "index": 26
            },
            {
                "index": 31
            },
            {
                "index": 36
            },
            {
                "index": 38
            },
            {
                "index": 41
            },
            {
                "index": 46
            },
            {
                "index": 49
            },
            {
                "index": 50
            },
            {
                "index": 51
            },
            {
                "index": 54
            },
            {
                "index": 59
            },
            {
                "index": 63
            },
            {
                "index": 65
            },
            {
                "index": 70
            },
            {
                "index": 73
            },
            {
                "index": 77
            },
            {
                "index": 79
            },
            {
                "index": 80
            },
            {
                "index": 81
            },
            {
                "index": 86
            },
            {
                "index": 87
            },
            {
                "index": 88
            },
            {
                "index": 90
            },
            {
                "index": 91
            },
            {
                "index": 94
            },
            {
                "index": 99
            },
            {
                "index": 112
            },
            {
                "index": 113
            },
            {
                "index": 115
            },
            {
                "index": 116
            },
            {
                "index": 118
            }
        ],
        [
            {
                "index": 1
            },
            {
                "index": 7
            },
            {
                "index": 11
            },
            {
                "index": 12
            },
            {
                "index": 13
            },
            {
                "index": 16
            },
            {
                "index": 23
            },
            {
                "index": 27
            },
            {
                "index": 29
            },
            {
                "index": 30
            },
            {
                "index": 37
            },
            {
                "index": 39
            },
            {
                "index": 40
            },
            {
                "index": 44
            },
            {
                "index": 55
            },
            {
                "index": 56
            },
            {
                "index": 57
            },
            {
                "index": 62
            },
            {
                "index": 64
            },
            {
                "index": 66
            },
            {
                "index": 67
            },
            {
                "index": 69
            },
            {
                "index": 71
            },
            {
                "index": 72
            },
            {
                "index": 74
            },
            {
                "index": 76
            },
            {
                "index": 83
            },
            {
                "index": 85
            },
            {
                "index": 92
            },
            {
                "index": 93
            },
            {
                "index": 97
            },
            {
                "index": 100
            },
            {
                "index": 101
            },
            {
                "index": 102
            },
            {
                "index": 103
            },
            {
                "index": 105
            },
            {
                "index": 106
            },
            {
                "index": 108
            },
            {
                "index": 109
            },
            {
                "index": 110
            },
            {
                "index": 111
            },
            {
                "index": 119
            }
        ]
    ]
}